id;sentencas;documento
1;['gatilho c a praca sete amg so os assaltos'];gatilho c a praca sete amg so os assaltos
2;['na rodoviaria de sp nao aguardem proximo ao portao de embarque quase fui assaltada em marco', 'pq n tinha essa maldade inves de ficar na praca de alimentacao', 'la', 'nao tem controle de quem vai embarcar ou nao so vao para o acesso de embarque uns 15 min que ja tera fila'];na rodoviaria de sp nao aguardem proximo ao portao de embarque quase fui assaltada em marco pq n tinha essa maldade inves de ficar na praca de alimentacao la nao tem controle de quem vai embarcar ou nao so vao para o acesso de embarque uns 15 min que ja tera fila
3;['eu espero que a policia esteja treinada para identificar quando a pessoa esta realmente armada ou nao assim como tenha meios de defesa nao letais para casos de incidentes visto que nos eua o numero de pessoas com problemas mentais em situacao de rua e grande'];eu espero que a policia esteja treinada para identificar quando a pessoa esta realmente armada ou nao assim como tenha meios de defesa nao letais para casos de incidentes visto que nos eua o numero de pessoas com problemas mentais em situacao de rua e grande
4;['assaltaram duas casas aqui na minha rua e agora eu to com medinho'];assaltaram duas casas aqui na minha rua e agora eu to com medinho
5;['sim e importante a apuracao para mostrar que foram infiltrados a mando para fazer estes atos e jogar nas costas da populacao ordeira que esta a 38 dias na rua sem nenhum incidente'];sim e importante a apuracao para mostrar que foram infiltrados a mando para fazer estes atos e jogar nas costas da populacao ordeira que esta a 38 dias na rua sem nenhum incidente
6;['uma vez no meio da avenida brasil pedi o blablacar pra rotear internet do nd ele disse desfaz a operacao tranquei o cool ele me levou escoltada pra delegacia em bangu dizendo que eu havia roubado ele pelo roteador ele so tava sem net e n carregou o saldo e queria me cobrar'];uma vez no meio da avenida brasil pedi o blablacar pra rotear internet do nd ele disse desfaz a operacao tranquei o cool ele me levou escoltada pra delegacia em bangu dizendo que eu havia roubado ele pelo roteador ele so tava sem net e n carregou o saldo e queria me cobrar
7;['se a ariana nao soltar a data em 1 semana da primeira performance de yes and estarei saindo na rua cometendo crimes'];se a ariana nao soltar a data em 1 semana da primeira performance de yes and estarei saindo na rua cometendo crimes
8;['antes da pandemia fui em uma festa balaia la perto da galeria do rock na saida o seguranca tava escoltando ate a esquina pq quem passava sozinho era assaltado e espancado mesmo ja estando amanhecendo e pequeno detalhe na praca da republica tinham uns 20 policias fazendo nada'];antes da pandemia fui em uma festa balaia la perto da galeria do rock na saida o seguranca tava escoltando ate a esquina pq quem passava sozinho era assaltado e espancado mesmo ja estando amanhecendo e pequeno detalhe na praca da republica tinham uns 20 policias fazendo nada
9;['um homem de 49 anos foi agredido na manha desta tercafeira 29 durante uma tentativa de roubo no centro de niteroi rj o crime ocorreu por volta das 9h na avenida ernani do amaral peixoto a policia agiu rapidamente e conseguiu conduzir o agressor a delegacia'];um homem de 49 anos foi agredido na manha desta tercafeira 29 durante uma tentativa de roubo no centro de niteroi rj o crime ocorreu por volta das 9h na avenida ernani do amaral peixoto a policia agiu rapidamente e conseguiu conduzir o agressor a delegacia
10;['homem e morto dentro de casa e esposa baleada no bairro cassange dhpp investiga o crime'];homem e morto dentro de casa e esposa baleada no bairro cassange dhpp investiga o crime
11;['ladrao e baleado por seguranca de deputado durante assalto na avenida santo amaro zona sul de sao', 'paulo brasilurgente bandjornalismo'];ladrao e baleado por seguranca de deputado durante assalto na avenida santo amaro zona sul de sao paulo brasilurgente bandjornalismo
12;['butia dois individuos assaltaram o minimercado oliveira localizado na avenida farroupilha bairro vila nova fbme6v2gikpbf'];butia dois individuos assaltaram o minimercado oliveira localizado na avenida farroupilha bairro vila nova fbme6v2gikpbf
13;['copacabana deveria ser um bairro super seguro diante da quantidade de turistas que recebe entretanto e de longe um dos bairros mais violentos com assaltos uma desordem urbana sem fim e diversos outros crimes que vergonha cidade abandonada eduardopaes claudiocastrorj'];copacabana deveria ser um bairro super seguro diante da quantidade de turistas que recebe entretanto e de longe um dos bairros mais violentos com assaltos uma desordem urbana sem fim e diversos outros crimes que vergonha cidade abandonada eduardopaes claudiocastrorj
14;['na manha desse domingo', '24 um homem foi preso por roubo apos ser denunciado pela propria irma na cidade estrutural ele roubou uma loja na avenida luiz estevao mas antes de sair de casa disse a irma que cometeria o crime saiba mais em'];na manha desse domingo 24 um homem foi preso por roubo apos ser denunciado pela propria irma na cidade estrutural ele roubou uma loja na avenida luiz estevao mas antes de sair de casa disse a irma que cometeria o crime saiba mais em
15;['se aproximando de nazare e uma avenida mais hostil mesmo recentemente duas motos me fecharam na rua para assaltar escapei mas roubaram o motociclista na minha frente'];se aproximando de nazare e uma avenida mais hostil mesmo recentemente duas motos me fecharam na rua para assaltar escapei mas roubaram o motociclista na minha frente
16;['quase fui assaltada na praca da se com um gringo que me chamou pra tomar cafe cara kkkkkkkkkkkkkkkkkkkkkkkkkkkkkkk que terror'];quase fui assaltada na praca da se com um gringo que me chamou pra tomar cafe cara kkkkkkkkkkkkkkkkkkkkkkkkkkkkkkk que terror
17;['mds furtaram um cachorro aqui no meu bairro'];mds furtaram um cachorro aqui no meu bairro
18;['videos mostram assaltos na praca de casa forte no recife g1'];videos mostram assaltos na praca de casa forte no recife g1
19;['e caso inusitado que voces querem a grama do canteiro central da principal avenida de passo fundo foi furtada na reportagem foto e video gauchazh'];e caso inusitado que voces querem a grama do canteiro central da principal avenida de passo fundo foi furtada na reportagem foto e video gauchazh
20;['segundo a policia militar dois assaltos foram registrados na cidade nesta segundafeira 3 um deles foi em uma loja de roupas na avenida brasil leia a noticia na integra'];segundo a policia militar dois assaltos foram registrados na cidade nesta segundafeira 3 um deles foi em uma loja de roupas na avenida brasil leia a noticia na integra
21;['uma briga de transito acabou na morte de walter gomes de azevedo de 38 anos na manha do dia 19 de setembro o incidente aconteceu na movimentada avenida filemon gomes perto da praia da leste em fortaleza ce quando walter foi mudar de pista aca'];uma briga de transito acabou na morte de walter gomes de azevedo de 38 anos na manha do dia 19 de setembro o incidente aconteceu na movimentada avenida filemon gomes perto da praia da leste em fortaleza ce quando walter foi mudar de pista aca
22;['por isso a normalizacao desses ataques em plena rua ninguem faz nada isso e um absurdo'];por isso a normalizacao desses ataques em plena rua ninguem faz nada isso e um absurdo
23;['ataques violentos a escolas ja deixaram 6 mortos neste ano relembre os casos em abril um homem de 25 anos invadiu a creche cantinho do bom pastor no bairro velha e matou as quatro criancas diarioregional ataques escolas mortes'];ataques violentos a escolas ja deixaram 6 mortos neste ano relembre os casos em abril um homem de 25 anos invadiu a creche cantinho do bom pastor no bairro velha e matou as quatro criancas diarioregional ataques escolas mortes
24;['policiais militares recuperam veiculo roubado na avenida brasil odia policia roubo'];policiais militares recuperam veiculo roubado na avenida brasil odia policia roubo
25;['clinica medica na avenida primeiro de maio e furtada leia mais'];clinica medica na avenida primeiro de maio e furtada leia mais
26;['nao aguento mais achar que vou ser assaltada nessa porcaria de bairro'];nao aguento mais achar que vou ser assaltada nessa porcaria de bairro
27;['simfecharam um avenida e assaltaram ela todapincharam'];simfecharam um avenida e assaltaram ela todapincharam
28;['uba policia militar recupera veiculo furtado no bairro', 'sao domingos'];uba policia militar recupera veiculo furtado no bairro sao domingos
29;['eptvoficial quanto aos furtos da avenida d pedro i nada muda se nao haverem boletins de ocorrencia sem dado nao ha porque haver mais policiamento'];eptvoficial quanto aos furtos da avenida d pedro i nada muda se nao haverem boletins de ocorrencia sem dado nao ha porque haver mais policiamento
30;['nao a mecanica n tava sendo assaltada nem nada do genero so tavam arrumando a viatura mesmo e fizeram um show com direito a arma no meio da avenida kkkk imagina se atira sem querer em alguem e muita irresponsabilidade'];nao a mecanica n tava sendo assaltada nem nada do genero so tavam arrumando a viatura mesmo e fizeram um show com direito a arma no meio da avenida kkkk imagina se atira sem querer em alguem e muita irresponsabilidade
31;['nao podemos nos calar a direita e muito maior no brasil', 'o que falta e organizacao e coragem de enfrentar os ataques da esquerda vamos pra rua c toda forca justos somos mais fortes'];nao podemos nos calar a direita e muito maior no brasil o que falta e organizacao e coragem de enfrentar os ataques da esquerda vamos pra rua c toda forca justos somos mais fortes
32;['usar o incidente brancoamarelo como desculpa nem todos os gays sao como aqueles mano queria muito saber o que foi esse incidente olhei ao redor e vi que o burburinho da outra rua estava chegando a nos nisso uma moca que estava conversando com sua amiga no outro lado da'];usar o incidente brancoamarelo como desculpa nem todos os gays sao como aqueles mano queria muito saber o que foi esse incidente olhei ao redor e vi que o burburinho da outra rua estava chegando a nos nisso uma moca que estava conversando com sua amiga no outro lado da
33;['fascista', 'foram voces porque voces entraram no orgao publico destruiu que a praca dos tres poderes alguns roubaram armas no congresso nacional fez maior destruicao e agora estao querendo se defender voces tem que ir para cadeia cambada'];fascista foram voces porque voces entraram no orgao publico destruiu que a praca dos tres poderes alguns roubaram armas no congresso nacional fez maior destruicao e agora estao querendo se defender voces tem que ir para cadeia cambada
34;['tava mil amores com essa cidade ate q tive meu celular furtado as 15 hra da tarde numa praca pqp quanta humilhacao vei'];tava mil amores com essa cidade ate q tive meu celular furtado as 15 hra da tarde numa praca pqp quanta humilhacao vei
35;['um velho do outro lado da avenida no ponto de onibus contrario ao meu mexendo comigo realmente tudo q eu pedi hoje era assedio', 'a distancia'];um velho do outro lado da avenida no ponto de onibus contrario ao meu mexendo comigo realmente tudo q eu pedi hoje era assedio a distancia
36;['ja assaltaram o mercadinho do meu bairro as 1837 da tarde'];ja assaltaram o mercadinho do meu bairro as 1837 da tarde
37;['quinta passada umas 2h40min da manha tinha um maluco gritando que tava sendo assaltado na praca valdelino cecio olha a hora', 'po o cara mesmo se coloca numa situacao de risco'];quinta passada umas 2h40min da manha tinha um maluco gritando que tava sendo assaltado na praca valdelino cecio olha a hora po o cara mesmo se coloca numa situacao de risco
38;['e o melhor remedio pra bandidos no servico publico deveria ser crime hediondo quantos confiaram e morreram nas filas e por ladrao de rua'];e o melhor remedio pra bandidos no servico publico deveria ser crime hediondo quantos confiaram e morreram nas filas e por ladrao de rua
39;['tino nos ajude kombi de trabalho de um senhor aqui da rua foi furtada essa madrugada na porta de casa balancogeralrj'];tino nos ajude kombi de trabalho de um senhor aqui da rua foi furtada essa madrugada na porta de casa balancogeralrj
40;['farmacia assaltada na avenida centenario perto da rodoviaria na tarde desta quinta bandido chegou de jaqueta preta e carregando um revolver cromado e levou todo o dinheiro do caixa a bandidagem segue acelerada em criciuma'];farmacia assaltada na avenida centenario perto da rodoviaria na tarde desta quinta bandido chegou de jaqueta preta e carregando um revolver cromado e levou todo o dinheiro do caixa a bandidagem segue acelerada em criciuma
41;['tbm moro em bairro denso mas arborizado e cboa qualidade de vidaa medida que foi densificando o transito aumentou mendigos e assaltos mais frequentes e apagoesagora esta sendo construido predio ao ladoq me tirou a vista e sol da tarde as maravilhas da densificacao'];tbm moro em bairro denso mas arborizado e cboa qualidade de vidaa medida que foi densificando o transito aumentou mendigos e assaltos mais frequentes e apagoesagora esta sendo construido predio ao ladoq me tirou a vista e sol da tarde as maravilhas da densificacao
42;['policia prende acusado de cometer assaltos em marechal deodoro o homem de 22 anos e acusado de cometer varios assaltos na cidade de marechal deodoro e foi preso nesta tercafeira 28', 'proximo a praca da faculdade em maceio br104'];policia prende acusado de cometer assaltos em marechal deodoro o homem de 22 anos e acusado de cometer varios assaltos na cidade de marechal deodoro e foi preso nesta tercafeira 28 proximo a praca da faculdade em maceio br104
43;['policia civil efetua prisao de homem de 42 anos morador do bairro liberdade em portao foragido por furto qualificado e roubo majorado dpportao'];policia civil efetua prisao de homem de 42 anos morador do bairro liberdade em portao foragido por furto qualificado e roubo majorado dpportao
44;['maior esquema de roubo de terrenos patrocinado pelo pt na prefeitura o local servia de area verde para o bairro e drenagem de agua das chuvas depois destas casas feitas passou a encher de agua as casas vizinhas com as enxurradas enfia a erundina no seu toba'];maior esquema de roubo de terrenos patrocinado pelo pt na prefeitura o local servia de area verde para o bairro e drenagem de agua das chuvas depois destas casas feitas passou a encher de agua as casas vizinhas com as enxurradas enfia a erundina no seu toba
45;['cerca de 350 caminhoneiros participaram nesta segunda 15 de uma carreata na avenida brasil contra o roubo de cargas leia a materia completa'];cerca de 350 caminhoneiros participaram nesta segunda 15 de uma carreata na avenida brasil contra o roubo de cargas leia a materia completa
46;['quando da dor da conceicao rua luiz oliveira 157 bairro conceicao a eva foi assediada por uma especie da sua criacao e usando suas palavras a mais astuta de todas alimariase sabido ilustrissimo que esse animal tem o poder de hipnotizar as suas presas para depois dar o bote'];quando da dor da conceicao rua luiz oliveira 157 bairro conceicao a eva foi assediada por uma especie da sua criacao e usando suas palavras a mais astuta de todas alimariase sabido ilustrissimo que esse animal tem o poder de hipnotizar as suas presas para depois dar o bote
47;['reporter da tv globo sofre tentativa de assalto ao vivo situacao aconteceu na avenida paulista em sao paulo durante o programa encontro saopaulo assalto tvglobo encontro patriciapoeta', 'saiba mais redetvuolcombrtvfamablo'];reporter da tv globo sofre tentativa de assalto ao vivo situacao aconteceu na avenida paulista em sao paulo durante o programa encontro saopaulo assalto tvglobo encontro patriciapoeta saiba mais redetvuolcombrtvfamablo
48;['outro dia vi um verme maconhado roubado uma idosa na rua e agredindo a pobre mulher aposto q era petista'];outro dia vi um verme maconhado roubado uma idosa na rua e agredindo a pobre mulher aposto q era petista
49;['eu estava o protegendo de provaveis furtos muitos celulares sao roubados na mesa da praca de alimentacao do minas'];eu estava o protegendo de provaveis furtos muitos celulares sao roubados na mesa da praca de alimentacao do minas
50;['prejuizo com furto de fiacao na praca das feiras em caxias e estimado em cerca de r 50 mil'];prejuizo com furto de fiacao na praca das feiras em caxias e estimado em cerca de r 50 mil
