id;pos_documento
1;[[['gatilho', 'c', 'a', 'praca', 'sete', 'amg', 'so', 'os', 'assaltos'], ['NOUN', 'PUNCT', 'DET', 'NOUN', 'NUM', 'PROPN', 'PROPN', 'DET', 'NOUN'], [], ['gatilho', 'c', 'o', 'praca', 'sete', 'amg', 'so', 'o', 'assalto']]]
2;[[['na', 'rodoviaria', 'de', 'sp', 'nao', 'aguardem', 'proximo', 'ao', 'portao', 'de', 'embarque', 'quase', 'fui', 'assaltada', 'em', 'marco'], ['ADP', 'PROPN', 'ADP', 'PROPN', 'PROPN', 'VERB', 'ADJ', 'ADP', 'NOUN', 'ADP', 'NOUN', 'ADV', 'AUX', 'VERB', 'ADP', 'NOUN'], ['aguardem', 'fui assaltada'], ['em o', 'rodoviaria', 'de', 'sp', 'nao', 'aguardem', 'proximo', 'a o', 'portao', 'de', 'embarque', 'quase', 'ser', 'assaltar', 'em', 'marco']], [['pq', 'n', 'tinha', 'essa', 'maldade', 'inves', 'de', 'ficar', 'na', 'praca', 'de', 'alimentacao'], ['CCONJ', 'PROPN', 'VERB', 'DET', 'NOUN', 'VERB', 'SCONJ', 'VERB', 'ADP', 'NOUN', 'ADP', 'NOUN'], ['tinha', 'inves', 'ficar'], ['pq', 'n', 'ter', 'esse', 'maldade', 'inves', 'de', 'ficar', 'em o', 'praca', 'de', 'alimentacao']], [['la'], ['PROPN'], [], ['la']], [['nao', 'tem', 'controle', 'de', 'quem', 'vai', 'embarcar', 'ou', 'nao', 'so', 'vao', 'para', 'o', 'acesso', 'de', 'embarque', 'uns', '15', 'min', 'que', 'ja', 'tera', 'fila'], ['ADV', 'VERB', 'NOUN', 'SCONJ', 'PRON', 'AUX', 'VERB', 'CCONJ', 'PROPN', 'PROPN', 'VERB', 'ADP', 'DET', 'NOUN', 'ADP', 'NOUN', 'DET', 'NUM', 'NOUN', 'PRON', 'PROPN', 'VERB', 'NOUN'], ['tem', 'vai embarcar', 'vao', 'tera'], ['nao', 'ter', 'controle', 'de', 'quem', 'ir', 'embarcar', 'ou', 'nao', 'so', 'vao', 'para', 'o', 'acesso', 'de', 'embarque', 'um', '15', 'min', 'que', 'ja', 'terar', 'fila']]]
3;[[['eu', 'espero', 'que', 'a', 'policia', 'esteja', 'treinada', 'para', 'identificar', 'quando', 'a', 'pessoa', 'esta', 'realmente', 'armada', 'ou', 'nao', 'assim', 'como', 'tenha', 'meios', 'de', 'defesa', 'nao', 'letais', 'para', 'casos', 'de', 'incidentes', 'visto', 'que', 'nos', 'eua', 'o', 'numero', 'de', 'pessoas', 'com', 'problemas', 'mentais', 'em', 'situacao', 'de', 'rua', 'e', 'grande'], ['PRON', 'VERB', 'SCONJ', 'DET', 'NOUN', 'AUX', 'ADJ', 'SCONJ', 'VERB', 'ADV', 'DET', 'NOUN', 'PRON', 'ADV', 'VERB', 'CCONJ', 'VERB', 'ADV', 'SCONJ', 'VERB', 'NOUN', 'ADP', 'NOUN', 'NOUN', 'ADJ', 'ADP', 'NOUN', 'ADP', 'NOUN', 'VERB', 'SCONJ', 'ADP', 'PROPN', 'DET', 'NOUN', 'ADP', 'NOUN', 'ADP', 'NOUN', 'ADJ', 'ADP', 'NOUN', 'ADP', 'NOUN', 'CCONJ', 'ADJ'], ['espero', 'identificar', 'armada', 'nao', 'tenha', 'visto'], ['eu', 'esperar', 'que', 'o', 'policia', 'estar', 'treinado', 'para', 'identificar', 'quando', 'o', 'pessoa', 'este', 'realmente', 'armar', 'ou', 'nao', 'assim', 'como', 'ter', 'meio', 'de', 'defesa', 'nao', 'letal', 'para', 'caso', 'de', 'incidente', 'ver', 'que', 'em o', 'EUA', 'o', 'numero', 'de', 'pessoa', 'com', 'problema', 'mental', 'em', 'situacao', 'de', 'rua', 'e', 'grande']]]
4;[[['assaltaram', 'duas', 'casas', 'aqui', 'na', 'minha', 'rua', 'e', 'agora', 'eu', 'to', 'com', 'medinho'], ['VERB', 'NUM', 'NOUN', 'ADV', 'ADP', 'DET', 'NOUN', 'CCONJ', 'ADV', 'PRON', 'VERB', 'ADP', 'NOUN'], ['assaltaram', 'to'], ['assaltar', 'dois', 'casa', 'aqui', 'em o', 'meu', 'rua', 'e', 'agora', 'eu', 'to', 'com', 'medinho']]]
5;[[['sim', 'e', 'importante', 'a', 'apuracao', 'para', 'mostrar', 'que', 'foram', 'infiltrados', 'a', 'mando', 'para', 'fazer', 'estes', 'atos', 'e', 'jogar', 'nas', 'costas', 'da', 'populacao', 'ordeira', 'que', 'esta', 'a', '38', 'dias', 'na', 'rua', 'sem', 'nenhum', 'incidente'], ['ADV', 'CCONJ', 'ADJ', 'SCONJ', 'NOUN', 'SCONJ', 'VERB', 'SCONJ', 'AUX', 'VERB', 'SCONJ', 'VERB', 'SCONJ', 'VERB', 'DET', 'NOUN', 'CCONJ', 'VERB', 'ADP', 'NOUN', 'ADP', 'NOUN', 'ADJ', 'PRON', 'PRON', 'ADP', 'NUM', 'NOUN', 'ADP', 'NOUN', 'ADP', 'DET', 'NOUN'], ['mostrar', 'foram infiltrados', 'mando', 'fazer', 'jogar'], ['sim', 'e', 'importante', 'a', 'apuracao', 'para', 'mostrar', 'que', 'ser', 'infiltrar', 'a', 'mar', 'para', 'fazer', 'este', 'ato', 'e', 'jogar', 'em o', 'costa', 'de o', 'populacao', 'ordeiro', 'que', 'este', 'a', '38', 'dia', 'em o', 'rua', 'sem', 'nenhum', 'incidente']]]
6;[[['uma', 'vez', 'no', 'meio', 'da', 'avenida', 'brasil', 'pedi', 'o', 'blablacar', 'pra', 'rotear', 'internet', 'do', 'nd', 'ele', 'disse', 'desfaz', 'a', 'operacao', 'tranquei', 'o', 'cool', 'ele', 'me', 'levou', 'escoltada', 'pra', 'delegacia', 'em', 'bangu', 'dizendo', 'que', 'eu', 'havia', 'roubado', 'ele', 'pelo', 'roteador', 'ele', 'so', 'tava', 'sem', 'net', 'e', 'n', 'carregou', 'o', 'saldo', 'e', 'queria', 'me', 'cobrar'], ['DET', 'NOUN', 'ADP', 'NOUN', 'ADP', 'NOUN', 'PROPN', 'VERB', 'DET', 'NOUN', 'SCONJ', 'VERB', 'PROPN', 'ADP', 'PROPN', 'PRON', 'VERB', 'VERB', 'DET', 'NOUN', 'VERB', 'DET', 'ADJ', 'PRON', 'PRON', 'VERB', 'VERB', 'ADP', 'NOUN', 'ADP', 'PROPN', 'VERB', 'SCONJ', 'PRON', 'AUX', 'VERB', 'PRON', 'ADP', 'NOUN', 'PRON', 'VERB', 'AUX', 'ADP', 'PROPN', 'CCONJ', 'PROPN', 'VERB', 'DET', 'NOUN', 'CCONJ', 'VERB', 'PRON', 'VERB'], ['pedi', 'rotear', 'disse desfaz', 'tranquei', 'levou escoltada', 'dizendo', 'havia roubado', 'so tava', 'carregou', 'queria', 'cobrar'], ['uma', 'vez', 'em o', 'meio', 'de o', 'avenida', 'brasil', 'pedir', 'o', 'blablacar', 'pra', 'rotear', 'Internet', 'de o', 'nd', 'ele', 'dizer', 'desfaz', 'o', 'operacao', 'tranquei', 'o', 'cool', 'ele', 'eu', 'levar', 'escoltar', 'pra', 'delegacia', 'em', 'Bangu', 'dizer', 'que', 'eu', 'haver', 'roubar', 'ele', 'por o', 'roteador', 'ele', 'so', 'tar', 'sem', 'net', 'e', 'n', 'carregar', 'o', 'saldo', 'e', 'querer', 'eu', 'cobrar']]]
7;[[['se', 'a', 'ariana', 'nao', 'soltar', 'a', 'data', 'em', '1', 'semana', 'da', 'primeira', 'performance', 'de', 'yes', 'and', 'estarei', 'saindo', 'na', 'rua', 'cometendo', 'crimes'], ['SCONJ', 'DET', 'NOUN', 'PRON', 'VERB', 'DET', 'NOUN', 'ADP', 'NUM', 'NOUN', 'ADP', 'ADJ', 'NOUN', 'ADP', 'PROPN', 'PROPN', 'AUX', 'VERB', 'ADP', 'NOUN', 'VERB', 'NOUN'], ['soltar', 'estarei saindo', 'cometendo'], ['se', 'o', 'ariano', 'nao', 'soltar', 'o', 'data', 'em', '1', 'semana', 'de o', 'primeiro', 'performance', 'de', 'yes', 'and', 'estarei', 'sair', 'em o', 'rua', 'cometer', 'crime']]]
8;[[['antes', 'da', 'pandemia', 'fui', 'em', 'uma', 'festa', 'balaia', 'la', 'perto', 'da', 'galeria', 'do', 'rock', 'na', 'saida', 'o', 'seguranca', 'tava', 'escoltando', 'ate', 'a', 'esquina', 'pq', 'quem', 'passava', 'sozinho', 'era', 'assaltado', 'e', 'espancado', 'mesmo', 'ja', 'estando', 'amanhecendo', 'e', 'pequeno', 'detalhe', 'na', 'praca', 'da', 'republica', 'tinham', 'uns', '20', 'policias', 'fazendo', 'nada'], ['ADV', 'ADP', 'NOUN', 'AUX', 'ADP', 'DET', 'NOUN', 'ADJ', 'PROPN', 'ADV', 'ADP', 'NOUN', 'ADP', 'NOUN', 'ADP', 'NOUN', 'DET', 'NOUN', 'AUX', 'VERB', 'ADV', 'DET', 'NOUN', 'CCONJ', 'PRON', 'VERB', 'ADV', 'AUX', 'VERB', 'CCONJ', 'VERB', 'ADV', 'PROPN', 'AUX', 'VERB', 'CCONJ', 'ADJ', 'NOUN', 'ADP', 'NOUN', 'ADP', 'NOUN', 'VERB', 'DET', 'NUM', 'NOUN', 'VERB', 'PRON'], ['tava escoltando', 'passava', 'era assaltado', 'espancado', 'estando amanhecendo', 'tinham', 'fazendo'], ['antes', 'de o', 'pandemia', 'ser', 'em', 'um', 'festa', 'balaia', 'la', 'perto', 'de o', 'galeria', 'de o', 'rock', 'em o', 'saida', 'o', 'seguranca', 'tar', 'escoltar', 'ate', 'o', 'esquina', 'pq', 'quem', 'passar', 'sozinho', 'ser', 'assaltar', 'e', 'espancar', 'mesmo', 'ja', 'estar', 'amanhecer', 'e', 'pequeno', 'detalhe', 'em o', 'praca', 'de o', 'republica', 'ter', 'um', '20', 'policia', 'fazer', 'nada']]]
9;[[['um', 'homem', 'de', '49', 'anos', 'foi', 'agredido', 'na', 'manha', 'desta', 'tercafeira', '29', 'durante', 'uma', 'tentativa', 'de', 'roubo', 'no', 'centro', 'de', 'niteroi', 'rj', 'o', 'crime', 'ocorreu', 'por', 'volta', 'das', '9h', 'na', 'avenida', 'ernani', 'do', 'amaral', 'peixoto', 'a', 'policia', 'agiu', 'rapidamente', 'e', 'conseguiu', 'conduzir', 'o', 'agressor', 'a', 'delegacia'], ['DET', 'NOUN', 'ADP', 'NUM', 'NOUN', 'AUX', 'VERB', 'ADP', 'NOUN', 'ADP', 'PROPN', 'NUM', 'ADP', 'DET', 'NOUN', 'ADP', 'NOUN', 'ADP', 'NOUN', 'ADP', 'PROPN', 'PROPN', 'DET', 'NOUN', 'VERB', 'ADP', 'NOUN', 'ADP', 'NOUN', 'ADP', 'NOUN', 'PROPN', 'ADP', 'PROPN', 'PROPN', 'DET', 'NOUN', 'VERB', 'ADV', 'CCONJ', 'VERB', 'VERB', 'DET', 'NOUN', 'DET', 'NOUN'], ['foi agredido', 'ocorreu', 'agiu', 'conseguiu conduzir'], ['um', 'homem', 'de', '49', 'ano', 'ser', 'agredir', 'em o', 'manha', 'de este', 'tercafeira', '29', 'durante', 'um', 'tentativa', 'de', 'roubo', 'em o', 'centro', 'de', 'niteroi', 'Rj', 'o', 'crime', 'ocorrer', 'por', 'volta', 'de o', '9h', 'em o', 'avenida', 'ernani', 'de o', 'Amaral', 'peixoto', 'o', 'policia', 'agir', 'rapidamente', 'e', 'conseguir', 'conduzir', 'o', 'agressor', 'o', 'delegacia']]]
10;[[['homem', 'e', 'morto', 'dentro', 'de', 'casa', 'e', 'esposa', 'baleada', 'no', 'bairro', 'cassange', 'dhpp', 'investiga', 'o', 'crime'], ['NOUN', 'CCONJ', 'VERB', 'ADV', 'ADP', 'NOUN', 'CCONJ', 'ADJ', 'VERB', 'ADP', 'NOUN', 'ADJ', 'ADJ', 'VERB', 'DET', 'NOUN'], ['morto', 'baleada', 'dhpp', 'investiga'], ['homem', 'e', 'matar', 'dentro', 'de', 'casa', 'e', 'esposo', 'balear', 'em o', 'bairro', 'cassange', 'dhpp', 'investigar', 'o', 'crime']]]
11;[[['ladrao', 'e', 'baleado', 'por', 'seguranca', 'de', 'deputado', 'durante', 'assalto', 'na', 'avenida', 'santo', 'amaro', 'zona', 'sul', 'de', 'sao'], ['NOUN', 'CCONJ', 'VERB', 'ADP', 'NOUN', 'ADP', 'NOUN', 'ADP', 'NOUN', 'ADP', 'NOUN', 'PROPN', 'PROPN', 'PROPN', 'ADJ', 'ADP', 'NOUN'], ['baleado'], ['ladrao', 'e', 'balear', 'por', 'seguranca', 'de', 'deputado', 'durante', 'assalto', 'em o', 'avenida', 'santo', 'amaro', 'zona', 'sul', 'de', 'Sao']], [['paulo', 'brasilurgente', 'bandjornalismo'], ['PROPN', 'PROPN', 'NOUN'], [], ['Paulo', 'Brasilurgente', 'Bandjornalismo']]]
12;[[['butia', 'dois', 'individuos', 'assaltaram', 'o', 'minimercado', 'oliveira', 'localizado', 'na', 'avenida', 'farroupilha', 'bairro', 'vila', 'nova', 'fbme6v2gikpbf'], ['NOUN', 'NUM', 'NOUN', 'VERB', 'DET', 'NOUN', 'PROPN', 'VERB', 'ADP', 'NOUN', 'PROPN', 'PROPN', 'PROPN', 'ADJ', 'PROPN'], ['assaltaram', 'localizado'], ['Butia', 'dois', 'individuo', 'assaltar', 'o', 'minimercado', 'oliveira', 'localizar', 'em o', 'avenida', 'Farroupilha', 'bairro', 'vila', 'novo', 'fbme6v2gikpbf']]]
13;[[['copacabana', 'deveria', 'ser', 'um', 'bairro', 'super', 'seguro', 'diante', 'da', 'quantidade', 'de', 'turistas', 'que', 'recebe', 'entretanto', 'e', 'de', 'longe', 'um', 'dos', 'bairros', 'mais', 'violentos', 'com', 'assaltos', 'uma', 'desordem', 'urbana', 'sem', 'fim', 'e', 'diversos', 'outros', 'crimes', 'que', 'vergonha', 'cidade', 'abandonada', 'eduardopaes', 'claudiocastrorj'], ['ADJ', 'VERB', 'AUX', 'DET', 'NOUN', 'ADJ', 'ADJ', 'ADV', 'DET', 'NOUN', 'ADP', 'NOUN', 'PRON', 'VERB', 'CCONJ', 'CCONJ', 'ADP', 'ADV', 'NUM', 'ADP', 'NOUN', 'ADV', 'ADJ', 'ADP', 'NOUN', 'DET', 'NOUN', 'ADJ', 'ADP', 'NOUN', 'CCONJ', 'DET', 'DET', 'NOUN', 'PRON', 'NOUN', 'NOUN', 'VERB', 'VERB', 'NOUN'], ['deveria ser', 'recebe', 'abandonada eduardopaes'], ['copacabana', 'dever', 'ser', 'um', 'bairro', 'super', 'seguro', 'diante', 'de o', 'quantidade', 'de', 'turista', 'que', 'receber', 'entretanto', 'e', 'de', 'longe', 'um', 'de o', 'bairro', 'mais', 'violento', 'com', 'assalto', 'um', 'desordem', 'urbano', 'sem', 'fim', 'e', 'diverso', 'outro', 'crime', 'que', 'vergonha', 'cidade', 'abandonar', 'eduardopaes', 'claudiocastrorj']]]
14;[[['na', 'manha', 'desse', 'domingo'], ['ADP', 'NOUN', 'ADP', 'NOUN'], [], ['em o', 'manha', 'de esse', 'domingo']], [['24', 'um', 'homem', 'foi', 'preso', 'por', 'roubo', 'apos', 'ser', 'denunciado', 'pela', 'propria', 'irma', 'na', 'cidade', 'estrutural', 'ele', 'roubou', 'uma', 'loja', 'na', 'avenida', 'luiz', 'estevao', 'mas', 'antes', 'de', 'sair', 'de', 'casa', 'disse', 'a', 'irma', 'que', 'cometeria', 'o', 'crime', 'saiba', 'mais', 'em'], ['NUM', 'DET', 'NOUN', 'AUX', 'VERB', 'ADP', 'NOUN', 'NOUN', 'AUX', 'VERB', 'ADP', 'NOUN', 'PROPN', 'ADP', 'NOUN', 'ADJ', 'PRON', 'VERB', 'DET', 'NOUN', 'ADP', 'NOUN', 'PROPN', 'PROPN', 'CCONJ', 'ADV', 'ADP', 'VERB', 'ADP', 'NOUN', 'VERB', 'DET', 'PROPN', 'PRON', 'VERB', 'DET', 'NOUN', 'VERB', 'ADV', 'ADP'], ['foi preso', 'ser denunciado', 'roubou', 'sair', 'disse', 'cometeria', 'saiba'], ['24', 'um', 'homem', 'ser', 'prender', 'por', 'roubo', 'apos', 'ser', 'denunciar', 'por o', 'propria', 'Irma', 'em o', 'cidade', 'estrutural', 'ele', 'roubar', 'um', 'loja', 'em o', 'avenida', 'Luiz', 'estevao', 'mas', 'antes', 'de', 'sair', 'de', 'casa', 'dizer', 'o', 'irma', 'que', 'cometer', 'o', 'crime', 'saiba', 'mais', 'em']]]
15;[[['se', 'aproximando', 'de', 'nazare', 'e', 'uma', 'avenida', 'mais', 'hostil', 'mesmo', 'recentemente', 'duas', 'motos', 'me', 'fecharam', 'na', 'rua', 'para', 'assaltar', 'escapei', 'mas', 'roubaram', 'o', 'motociclista', 'na', 'minha', 'frente'], ['PRON', 'VERB', 'ADP', 'PROPN', 'CCONJ', 'DET', 'NOUN', 'ADV', 'ADJ', 'ADJ', 'ADV', 'NUM', 'NOUN', 'PRON', 'VERB', 'ADP', 'NOUN', 'SCONJ', 'VERB', 'NOUN', 'CCONJ', 'VERB', 'DET', 'NOUN', 'ADP', 'DET', 'NOUN'], ['aproximando', 'fecharam', 'assaltar', 'roubaram'], ['se', 'aproximar', 'de', 'nazare', 'e', 'um', 'avenida', 'mais', 'hostil', 'mesmo', 'recentemente', 'dois', 'moto', 'eu', 'fechar', 'em o', 'rua', 'para', 'assaltar', 'escapei', 'mas', 'roubar', 'o', 'motociclista', 'em o', 'meu', 'frente']]]
16;[[['quase', 'fui', 'assaltada', 'na', 'praca', 'da', 'se', 'com', 'um', 'gringo', 'que', 'me', 'chamou', 'pra', 'tomar', 'cafe', 'cara', 'kkkkkkkkkkkkkkkkkkkkkkkkkkkkkkk', 'que', 'terror'], ['ADV', 'AUX', 'VERB', 'ADP', 'NOUN', 'ADP', 'SCONJ', 'ADP', 'DET', 'NOUN', 'PRON', 'PRON', 'VERB', 'SCONJ', 'VERB', 'NOUN', 'NOUN', 'VERB', 'SCONJ', 'NOUN'], ['fui assaltada', 'chamou', 'tomar', 'kkkkkkkkkkkkkkkkkkkkkkkkkkkkkkk'], ['quase', 'ser', 'assaltar', 'em o', 'praca', 'de o', 'se', 'com', 'um', 'gringo', 'que', 'eu', 'chamar', 'pra', 'tomar', 'cafe', 'cara', 'kkkkkkkkkkkkkkkkkkkkkkkkkkkkkkk', 'que', 'terror']]]
17;[[['mds', 'furtaram', 'um', 'cachorro', 'aqui', 'no', 'meu', 'bairro'], ['NOUN', 'VERB', 'DET', 'NOUN', 'ADV', 'ADP', 'DET', 'NOUN'], ['furtaram'], ['mds', 'furtar', 'um', 'cachorro', 'aqui', 'em o', 'meu', 'bairro']]]
18;[[['videos', 'mostram', 'assaltos', 'na', 'praca', 'de', 'casa', 'forte', 'no', 'recife', 'g1'], ['NOUN', 'VERB', 'NOUN', 'ADP', 'NOUN', 'ADP', 'NOUN', 'ADJ', 'ADP', 'PROPN', 'PROPN'], ['mostram'], ['video', 'mostrar', 'assalto', 'em o', 'praca', 'de', 'casa', 'forte', 'em o', 'Recife', 'g1']]]
19;[[['e', 'caso', 'inusitado', 'que', 'voces', 'querem', 'a', 'grama', 'do', 'canteiro', 'central', 'da', 'principal', 'avenida', 'de', 'passo', 'fundo', 'foi', 'furtada', 'na', 'reportagem', 'foto', 'e', 'video', 'gauchazh'], ['CCONJ', 'NOUN', 'ADJ', 'PRON', 'NOUN', 'VERB', 'DET', 'NOUN', 'ADP', 'NOUN', 'ADJ', 'ADP', 'ADJ', 'NOUN', 'ADP', 'NOUN', 'ADV', 'AUX', 'VERB', 'ADP', 'NOUN', 'VERB', 'CCONJ', 'PROPN', 'PROPN'], ['querem', 'foi furtada', 'foto'], ['e', 'caso', 'inusitado', 'que', 'voces', 'querer', 'o', 'grama', 'de o', 'canteiro', 'central', 'de o', 'principal', 'avenida', 'de', 'passo', 'fundo', 'ser', 'furtar', 'em o', 'reportagem', 'fotor', 'e', 'video', 'Gauchazh']]]
20;[[['segundo', 'a', 'policia', 'militar', 'dois', 'assaltos', 'foram', 'registrados', 'na', 'cidade', 'nesta', 'segundafeira', '3', 'um', 'deles', 'foi', 'em', 'uma', 'loja', 'de', 'roupas', 'na', 'avenida', 'brasil', 'leia', 'a', 'noticia', 'na', 'integra'], ['ADP', 'DET', 'NOUN', 'ADJ', 'NUM', 'NOUN', 'AUX', 'VERB', 'ADP', 'NOUN', 'ADP', 'NOUN', 'NUM', 'NUM', 'PRON', 'VERB', 'ADP', 'DET', 'NOUN', 'ADP', 'NOUN', 'ADP', 'NOUN', 'PROPN', 'VERB', 'DET', 'NOUN', 'ADP', 'VERB'], ['foram registrados', 'foi', 'leia', 'integra'], ['segundo', 'o', 'policia', 'militar', 'dois', 'assalto', 'ser', 'registrar', 'em o', 'cidade', 'em este', 'segundafeira', '3', 'um', 'de ele', 'ser', 'em', 'um', 'loja', 'de', 'roupa', 'em o', 'avenida', 'brasil', 'leia', 'o', 'noticia', 'em o', 'integrar']]]
21;[[['uma', 'briga', 'de', 'transito', 'acabou', 'na', 'morte', 'de', 'walter', 'gomes', 'de', 'azevedo', 'de', '38', 'anos', 'na', 'manha', 'do', 'dia', '19', 'de', 'setembro', 'o', 'incidente', 'aconteceu', 'na', 'movimentada', 'avenida', 'filemon', 'gomes', 'perto', 'da', 'praia', 'da', 'leste', 'em', 'fortaleza', 'ce', 'quando', 'walter', 'foi', 'mudar', 'de', 'pista', 'aca'], ['DET', 'NOUN', 'ADP', 'NOUN', 'VERB', 'ADP', 'NOUN', 'ADP', 'PROPN', 'PROPN', 'ADP', 'PROPN', 'ADP', 'NUM', 'NOUN', 'ADP', 'NOUN', 'ADP', 'NOUN', 'NUM', 'ADP', 'NOUN', 'DET', 'NOUN', 'VERB', 'ADP', 'ADJ', 'NOUN', 'PROPN', 'PROPN', 'ADV', 'ADP', 'PROPN', 'ADP', 'NOUN', 'ADP', 'NOUN', 'PROPN', 'ADV', 'PROPN', 'AUX', 'VERB', 'ADP', 'NOUN', 'ADJ'], ['acabou', 'aconteceu', 'foi mudar'], ['um', 'briga', 'de', 'transito', 'acabar', 'em o', 'morte', 'de', 'walter', 'gomes', 'de', 'Azevedo', 'de', '38', 'ano', 'em o', 'manha', 'de o', 'dia', '19', 'de', 'setembro', 'o', 'incidente', 'acontecer', 'em o', 'movimentado', 'avenida', 'Filemon', 'Gomes', 'perto', 'de o', 'praia', 'de o', 'leste', 'em', 'fortaleza', 'ce', 'quando', 'walter', 'ir', 'mudar', 'de', 'pista', 'aca']]]
22;[[['por', 'isso', 'a', 'normalizacao', 'desses', 'ataques', 'em', 'plena', 'rua', 'ninguem', 'faz', 'nada', 'isso', 'e', 'um', 'absurdo'], ['ADP', 'PRON', 'ADP', 'NOUN', 'ADP', 'NOUN', 'ADP', 'ADJ', 'NOUN', 'ADV', 'VERB', 'PRON', 'PRON', 'CCONJ', 'DET', 'ADJ'], ['faz'], ['por', 'isso', 'a', 'normalizacao', 'de esse', 'ataque', 'em', 'pleno', 'rua', 'ninguem', 'fazer', 'nada', 'isso', 'e', 'um', 'absurdo']]]
23;[[['ataques', 'violentos', 'a', 'escolas', 'ja', 'deixaram', '6', 'mortos', 'neste', 'ano', 'relembre', 'os', 'casos', 'em', 'abril', 'um', 'homem', 'de', '25', 'anos', 'invadiu', 'a', 'creche', 'cantinho', 'do', 'bom', 'pastor', 'no', 'bairro', 'velha', 'e', 'matou', 'as', 'quatro', 'criancas', 'diarioregional', 'ataques', 'escolas', 'mortes'], ['NOUN', 'ADJ', 'ADP', 'NOUN', 'PROPN', 'VERB', 'NUM', 'NOUN', 'ADP', 'NOUN', 'VERB', 'DET', 'NOUN', 'ADP', 'NOUN', 'DET', 'NOUN', 'ADP', 'NUM', 'NOUN', 'VERB', 'DET', 'PROPN', 'NOUN', 'ADP', 'ADJ', 'NOUN', 'ADP', 'NOUN', 'ADJ', 'CCONJ', 'VERB', 'DET', 'NUM', 'NOUN', 'ADJ', 'NOUN', 'NOUN', 'NOUN'], ['deixaram', 'relembre', 'invadiu', 'matou'], ['ataque', 'violento', 'a', 'escola', 'ja', 'deixar', '6', 'morto', 'em este', 'ano', 'relembrar', 'o', 'caso', 'em', 'abril', 'um', 'homem', 'de', '25', 'ano', 'invadir', 'o', 'creche', 'cantinho', 'de o', 'bom', 'pastor', 'em o', 'bairro', 'velho', 'e', 'matar', 'o', 'quatro', 'crianca', 'diarioregional', 'ataque', 'escola', 'morte']]]
24;[[['policiais', 'militares', 'recuperam', 'veiculo', 'roubado', 'na', 'avenida', 'brasil', 'odia', 'policia', 'roubo'], ['NOUN', 'ADJ', 'VERB', 'NOUN', 'VERB', 'ADP', 'NOUN', 'PROPN', 'VERB', 'NOUN', 'ADJ'], ['recuperam', 'roubado', 'odia'], ['policial', 'militar', 'recuperar', 'veiculo', 'roubar', 'em o', 'avenida', 'brasil', 'od', 'policia', 'roubo']]]
25;[[['clinica', 'medica', 'na', 'avenida', 'primeiro', 'de', 'maio', 'e', 'furtada', 'leia', 'mais'], ['NOUN', 'ADJ', 'ADP', 'NOUN', 'ADV', 'ADP', 'NOUN', 'CCONJ', 'VERB', 'VERB', 'ADV'], ['furtada leia'], ['clinica', 'medico', 'em o', 'avenida', 'primeiro', 'de', 'maio', 'e', 'furtar', 'leia', 'mais']]]
26;[[['nao', 'aguento', 'mais', 'achar', 'que', 'vou', 'ser', 'assaltada', 'nessa', 'porcaria', 'de', 'bairro'], ['NOUN', 'VERB', 'ADV', 'VERB', 'SCONJ', 'AUX', 'AUX', 'VERB', 'ADP', 'NOUN', 'ADP', 'NOUN'], ['aguento', 'achar', 'vou ser assaltada'], ['nao', 'aguento', 'mais', 'achar', 'que', 'ir', 'ser', 'assaltar', 'em esse', 'porcaria', 'de', 'bairro']]]
27;[[['simfecharam', 'um', 'avenida', 'e', 'assaltaram', 'ela', 'todapincharam'], ['VERB', 'DET', 'NOUN', 'CCONJ', 'VERB', 'PRON', 'VERB'], ['simfecharam', 'assaltaram', 'todapincharam'], ['simfechar', 'um', 'avenida', 'e', 'assaltar', 'ela', 'todapinchar']]]
28;[[['uba', 'policia', 'militar', 'recupera', 'veiculo', 'furtado', 'no', 'bairro'], ['PROPN', 'PROPN', 'ADJ', 'VERB', 'NOUN', 'VERB', 'ADP', 'NOUN'], ['recupera', 'furtado'], ['Uba', 'policia', 'militar', 'recuperar', 'veiculo', 'furtar', 'em o', 'bairro']], [['sao', 'domingos'], ['NOUN', 'ADJ'], ['domingos'], ['sao', 'domingo']]]
29;[[['eptvoficial', 'quanto', 'aos', 'furtos', 'da', 'avenida', 'd', 'pedro', 'i', 'nada', 'muda', 'se', 'nao', 'haverem', 'boletins', 'de', 'ocorrencia', 'sem', 'dado', 'nao', 'ha', 'porque', 'haver', 'mais', 'policiamento'], ['NOUN', 'ADV', 'DET', 'NOUN', 'ADP', 'NOUN', 'PROPN', 'PROPN', 'PROPN', 'PRON', 'VERB', 'SCONJ', 'PRON', 'VERB', 'NOUN', 'ADP', 'NOUN', 'SCONJ', 'VERB', 'NOUN', 'ADJ', 'SCONJ', 'VERB', 'DET', 'NOUN'], ['muda', 'haverem', 'dado', 'haver'], ['eptvoficial', 'quanto', 'a o', 'furto', 'de o', 'avenida', 'd', 'Pedro', 'i', 'nada', 'mudar', 'se', 'nao', 'haver', 'boletim', 'de', 'ocorrencia', 'sem', 'dar', 'nao', 'ha', 'porque', 'haver', 'mais', 'policiamento']]]
30;[[['nao', 'a', 'mecanica', 'n', 'tava', 'sendo', 'assaltada', 'nem', 'nada', 'do', 'genero', 'so', 'tavam', 'arrumando', 'a', 'viatura', 'mesmo', 'e', 'fizeram', 'um', 'show', 'com', 'direito', 'a', 'arma', 'no', 'meio', 'da', 'avenida', 'kkkk', 'imagina', 'se', 'atira', 'sem', 'querer', 'em', 'alguem', 'e', 'muita', 'irresponsabilidade'], ['INTJ', 'DET', 'NOUN', 'PROPN', 'AUX', 'AUX', 'VERB', 'CCONJ', 'PRON', 'ADP', 'PROPN', 'PROPN', 'VERB', 'VERB', 'DET', 'NOUN', 'ADV', 'CCONJ', 'VERB', 'DET', 'NOUN', 'ADP', 'NOUN', 'DET', 'NOUN', 'ADP', 'NOUN', 'ADP', 'NOUN', 'ADJ', 'VERB', 'PRON', 'VERB', 'SCONJ', 'VERB', 'ADP', 'PRON', 'CCONJ', 'DET', 'NOUN'], ['tava sendo assaltada', 'tavam arrumando', 'fizeram', 'imagina', 'atira', 'querer'], ['nao', 'o', 'mecanico', 'n', 'tar', 'ser', 'assaltar', 'nem', 'nada', 'de o', 'genero', 'so', 'tar', 'arrumar', 'o', 'viatura', 'mesmo', 'e', 'fazer', 'um', 'show', 'com', 'direito', 'o', 'arma', 'em o', 'meio', 'de o', 'avenida', 'kkkk', 'imaginar', 'se', 'atirar', 'sem', 'querer', 'em', 'alguem', 'e', 'muito', 'irresponsabilidade']]]
31;[[['nao', 'podemos', 'nos', 'calar', 'a', 'direita', 'e', 'muito', 'maior', 'no', 'brasil'], ['ADV', 'VERB', 'SCONJ', 'VERB', 'DET', 'NOUN', 'CCONJ', 'ADV', 'ADJ', 'ADP', 'PROPN'], ['podemos nos calar'], ['nao', 'poder', 'nós', 'calar', 'o', 'direita', 'e', 'muito', 'grande', 'em o', 'Brasil']], [['o', 'que', 'falta', 'e', 'organizacao', 'e', 'coragem', 'de', 'enfrentar', 'os', 'ataques', 'da', 'esquerda', 'vamos', 'pra', 'rua', 'c', 'toda', 'forca', 'justos', 'somos', 'mais', 'fortes'], ['PRON', 'PRON', 'NOUN', 'CCONJ', 'NOUN', 'CCONJ', 'NOUN', 'SCONJ', 'VERB', 'DET', 'NOUN', 'ADP', 'NOUN', 'VERB', 'ADP', 'NOUN', 'PUNCT', 'DET', 'NOUN', 'ADJ', 'AUX', 'ADV', 'ADJ'], ['enfrentar', 'vamos', 'fortes'], ['o', 'que', 'faltar', 'e', 'organizacao', 'e', 'coragem', 'de', 'enfrentar', 'o', 'ataque', 'de o', 'esquerda', 'ir', 'pra', 'rua', 'c', 'todo', 'forca', 'justo', 'ser', 'mais', 'forte']]]
32;[[['usar', 'o', 'incidente', 'brancoamarelo', 'como', 'desculpa', 'nem', 'todos', 'os', 'gays', 'sao', 'como', 'aqueles', 'mano', 'queria', 'muito', 'saber', 'o', 'que', 'foi', 'esse', 'incidente', 'olhei', 'ao', 'redor', 'e', 'vi', 'que', 'o', 'burburinho', 'da', 'outra', 'rua', 'estava', 'chegando', 'a', 'nos', 'nisso', 'uma', 'moca', 'que', 'estava', 'conversando', 'com', 'sua', 'amiga', 'no', 'outro', 'lado', 'da'], ['VERB', 'DET', 'NOUN', 'ADJ', 'ADP', 'NOUN', 'CCONJ', 'DET', 'DET', 'NOUN', 'VERB', 'ADP', 'DET', 'NOUN', 'VERB', 'ADV', 'VERB', 'PRON', 'PRON', 'AUX', 'DET', 'NOUN', 'VERB', 'ADP', 'NOUN', 'CCONJ', 'VERB', 'SCONJ', 'DET', 'NOUN', 'ADP', 'DET', 'NOUN', 'AUX', 'VERB', 'ADP', 'ADP', 'ADP', 'DET', 'NOUN', 'PRON', 'AUX', 'VERB', 'ADP', 'DET', 'NOUN', 'ADP', 'DET', 'NOUN', 'ADP'], ['usar', 'sao', 'queria', 'saber', 'olhei', 'vi', 'estava chegando', 'estava conversando'], ['usar', 'o', 'incidente', 'brancoamarelo', 'como', 'desculpa', 'nem', 'todo', 'o', 'gay', 'sao', 'como', 'aquele', 'mano', 'querer', 'muito', 'saber', 'o', 'que', 'ser', 'esse', 'incidente', 'olhar', 'a o', 'redor', 'e', 'ver', 'que', 'o', 'burburinho', 'de o', 'outro', 'rua', 'estar', 'chegar', 'a', 'em o', 'em isso', 'um', 'moca', 'que', 'estar', 'conversar', 'com', 'seu', 'amiga', 'em o', 'outro', 'lado', 'de o']]]
33;[[['fascista'], ['ADJ'], ['fascista'], ['fascista']], [['foram', 'voces', 'porque', 'voces', 'entraram', 'no', 'orgao', 'publico', 'destruiu', 'que', 'a', 'praca', 'dos', 'tres', 'poderes', 'alguns', 'roubaram', 'armas', 'no', 'congresso', 'nacional', 'fez', 'maior', 'destruicao', 'e', 'agora', 'estao', 'querendo', 'se', 'defender', 'voces', 'tem', 'que', 'ir', 'para', 'cadeia', 'cambada'], ['AUX', 'PRON', 'SCONJ', 'NOUN', 'VERB', 'ADP', 'NOUN', 'ADJ', 'VERB', 'SCONJ', 'DET', 'NOUN', 'ADP', 'NOUN', 'NOUN', 'PRON', 'VERB', 'NOUN', 'ADP', 'NOUN', 'ADJ', 'VERB', 'ADJ', 'NOUN', 'CCONJ', 'ADV', 'AUX', 'VERB', 'SCONJ', 'VERB', 'NOUN', 'AUX', 'SCONJ', 'VERB', 'ADP', 'NOUN', 'VERB'], ['entraram', 'destruiu', 'roubaram', 'fez', 'estao querendo', 'defender', 'ir', 'cambada'], ['ser', 'voce', 'porque', 'voces', 'entrar', 'em o', 'orgao', 'publico', 'destruir', 'que', 'o', 'praca', 'de o', 'tres', 'poder', 'algum', 'roubar', 'arma', 'em o', 'congresso', 'nacional', 'fazer', 'grande', 'destruicao', 'e', 'agora', 'estao', 'querer', 'se', 'defender', 'voce', 'ter', 'que', 'ir', 'para', 'cadeia', 'cambar']]]
34;[[['tava', 'mil', 'amores', 'com', 'essa', 'cidade', 'ate', 'q', 'tive', 'meu', 'celular', 'furtado', 'as', '15', 'hra', 'da', 'tarde', 'numa', 'praca', 'pqp', 'quanta', 'humilhacao', 'vei'], ['VERB', 'NUM', 'NOUN', 'ADP', 'DET', 'NOUN', 'PROPN', 'PRON', 'VERB', 'DET', 'NOUN', 'VERB', 'DET', 'NUM', 'NOUN', 'ADP', 'NOUN', 'ADP', 'NOUN', 'X', 'NOUN', 'PROPN', 'PROPN'], ['tava', 'tive', 'furtado'], ['tar', 'mil', 'amor', 'com', 'esse', 'cidade', 'ate', 'q', 'ter', 'meu', 'celular', 'furtar', 'o', '15', 'hra', 'de o', 'tarde', 'em um', 'praca', 'pqp', 'quanto', 'humilhacao', 'vei']]]
35;[[['um', 'velho', 'do', 'outro', 'lado', 'da', 'avenida', 'no', 'ponto', 'de', 'onibus', 'contrario', 'ao', 'meu', 'mexendo', 'comigo', 'realmente', 'tudo', 'q', 'eu', 'pedi', 'hoje', 'era', 'assedio'], ['DET', 'NOUN', 'ADP', 'DET', 'NOUN', 'ADP', 'NOUN', 'ADP', 'NOUN', 'ADP', 'NOUN', 'ADJ', 'ADP', 'DET', 'VERB', 'NOUN', 'ADV', 'PRON', 'PRON', 'PRON', 'VERB', 'ADV', 'AUX', 'ADJ'], ['mexendo', 'pedi'], ['um', 'velho', 'de o', 'outro', 'lado', 'de o', 'avenida', 'em o', 'ponto', 'de', 'onibus', 'contrario', 'a o', 'meu', 'mexer', 'comigo', 'realmente', 'tudo', 'q', 'eu', 'pedir', 'hoje', 'ser', 'assedio']], [['a', 'distancia'], ['DET', 'NOUN'], [], ['o', 'distancia']]]
36;[[['ja', 'assaltaram', 'o', 'mercadinho', 'do', 'meu', 'bairro', 'as', '1837', 'da', 'tarde'], ['PROPN', 'VERB', 'DET', 'NOUN', 'ADP', 'DET', 'NOUN', 'DET', 'NUM', 'ADP', 'NOUN'], ['assaltaram'], ['ja', 'assaltar', 'o', 'mercadinho', 'de o', 'meu', 'bairro', 'o', '1837', 'de o', 'tarde']]]
37;[[['quinta', 'passada', 'umas', '2h40min', 'da', 'manha', 'tinha', 'um', 'maluco', 'gritando', 'que', 'tava', 'sendo', 'assaltado', 'na', 'praca', 'valdelino', 'cecio', 'olha', 'a', 'hora'], ['NOUN', 'ADJ', 'DET', 'NUM', 'ADP', 'NOUN', 'VERB', 'DET', 'NOUN', 'VERB', 'SCONJ', 'AUX', 'AUX', 'VERB', 'ADP', 'NOUN', 'PROPN', 'ADJ', 'VERB', 'DET', 'NOUN'], ['tinha', 'gritando', 'tava sendo assaltado', 'olha'], ['quinta', 'passado', 'um', '2h40min', 'de o', 'manha', 'ter', 'um', 'maluco', 'gritar', 'que', 'tar', 'ser', 'assaltar', 'em o', 'praca', 'valdelino', 'cecio', 'olhar', 'o', 'hora']], [['po', 'o', 'cara', 'mesmo', 'se', 'coloca', 'numa', 'situacao', 'de', 'risco'], ['PROPN', 'DET', 'NOUN', 'ADV', 'PRON', 'VERB', 'ADP', 'NOUN', 'ADP', 'NOUN'], ['coloca'], ['po', 'o', 'cara', 'mesmo', 'se', 'colocar', 'em um', 'situacao', 'de', 'risco']]]
38;[[['e', 'o', 'melhor', 'remedio', 'pra', 'bandidos', 'no', 'servico', 'publico', 'deveria', 'ser', 'crime', 'hediondo', 'quantos', 'confiaram', 'e', 'morreram', 'nas', 'filas', 'e', 'por', 'ladrao', 'de', 'rua'], ['CCONJ', 'DET', 'ADJ', 'NOUN', 'ADP', 'NOUN', 'ADP', 'NOUN', 'ADJ', 'VERB', 'AUX', 'NOUN', 'ADJ', 'PRON', 'VERB', 'CCONJ', 'VERB', 'ADP', 'NOUN', 'CCONJ', 'ADP', 'NOUN', 'ADP', 'NOUN'], ['deveria ser', 'confiaram', 'morreram'], ['e', 'o', 'bom', 'remedio', 'pra', 'bandido', 'em o', 'servico', 'publico', 'dever', 'ser', 'crime', 'hediondo', 'quanto', 'confiar', 'e', 'morrer', 'em o', 'fila', 'e', 'por', 'ladrao', 'de', 'rua']]]
39;[[['tino', 'nos', 'ajude', 'kombi', 'de', 'trabalho', 'de', 'um', 'senhor', 'aqui', 'da', 'rua', 'foi', 'furtada', 'essa', 'madrugada', 'na', 'porta', 'de', 'casa', 'balancogeralrj'], ['NOUN', 'ADP', 'VERB', 'NOUN', 'ADP', 'NOUN', 'ADP', 'DET', 'NOUN', 'ADV', 'ADP', 'NOUN', 'AUX', 'VERB', 'DET', 'NOUN', 'ADP', 'NOUN', 'ADP', 'NOUN', 'PROPN'], ['ajude', 'foi furtada'], ['tino', 'em o', 'ajudar', 'kombi', 'de', 'trabalho', 'de', 'um', 'senhor', 'aqui', 'de o', 'rua', 'ser', 'furtar', 'esse', 'madrugada', 'em o', 'porta', 'de', 'casa', 'Balancogeralrj']]]
40;[[['farmacia', 'assaltada', 'na', 'avenida', 'centenario', 'perto', 'da', 'rodoviaria', 'na', 'tarde', 'desta', 'quinta', 'bandido', 'chegou', 'de', 'jaqueta', 'preta', 'e', 'carregando', 'um', 'revolver', 'cromado', 'e', 'levou', 'todo', 'o', 'dinheiro', 'do', 'caixa', 'a', 'bandidagem', 'segue', 'acelerada', 'em', 'criciuma'], ['NOUN', 'VERB', 'ADP', 'NOUN', 'ADJ', 'ADV', 'ADP', 'NOUN', 'ADP', 'NOUN', 'ADP', 'ADJ', 'NOUN', 'VERB', 'ADP', 'NOUN', 'ADJ', 'CCONJ', 'VERB', 'DET', 'VERB', 'VERB', 'CCONJ', 'VERB', 'DET', 'DET', 'NOUN', 'ADP', 'NOUN', 'DET', 'NOUN', 'VERB', 'VERB', 'ADP', 'NOUN'], ['assaltada', 'chegou', 'carregando', 'revolver cromado', 'levou', 'segue acelerada'], ['farmacia', 'assaltar', 'em o', 'avenida', 'centenario', 'perto', 'de o', 'rodoviaria', 'em o', 'tarde', 'de este', 'quinta', 'bandido', 'chegar', 'de', 'jaqueta', 'preto', 'e', 'carregar', 'um', 'revolver', 'cromar', 'e', 'levar', 'todo', 'o', 'dinheiro', 'de o', 'caixa', 'o', 'bandidagem', 'seguir', 'acelerado', 'em', 'criciuma']]]
41;[[['tbm', 'moro', 'em', 'bairro', 'denso', 'mas', 'arborizado', 'e', 'cboa', 'qualidade', 'de', 'vidaa', 'medida', 'que', 'foi', 'densificando', 'o', 'transito', 'aumentou', 'mendigos', 'e', 'assaltos', 'mais', 'frequentes', 'e', 'apagoesagora', 'esta', 'sendo', 'construido', 'predio', 'ao', 'ladoq', 'me', 'tirou', 'a', 'vista', 'e', 'sol', 'da', 'tarde', 'as', 'maravilhas', 'da', 'densificacao'], ['PROPN', 'VERB', 'ADP', 'NOUN', 'ADJ', 'CCONJ', 'VERB', 'CCONJ', 'NOUN', 'NOUN', 'ADP', 'NOUN', 'ADP', 'PRON', 'AUX', 'VERB', 'DET', 'NOUN', 'VERB', 'NOUN', 'CCONJ', 'NOUN', 'ADV', 'ADJ', 'CCONJ', 'NOUN', 'PRON', 'AUX', 'VERB', 'NOUN', 'ADP', 'PROPN', 'PRON', 'VERB', 'DET', 'NOUN', 'CCONJ', 'NOUN', 'ADP', 'NOUN', 'DET', 'NOUN', 'ADP', 'NOUN'], ['moro', 'arborizado', 'densificando', 'aumentou', 'sendo construido', 'tirou'], ['tbm', 'morar', 'em', 'bairro', 'denso', 'mas', 'arborizado', 'e', 'cbo', 'qualidade', 'de', 'vidaa', 'medida', 'que', 'ser', 'densificar', 'o', 'transito', 'aumentar', 'mendigo', 'e', 'assalto', 'mais', 'frequente', 'e', 'apagoesagora', 'este', 'ser', 'construer', 'predio', 'a o', 'ladoq', 'eu', 'tirar', 'o', 'vista', 'e', 'sol', 'de o', 'tarde', 'o', 'maravilha', 'de o', 'densificacao']]]
42;[[['policia', 'prende', 'acusado', 'de', 'cometer', 'assaltos', 'em', 'marechal', 'deodoro', 'o', 'homem', 'de', '22', 'anos', 'e', 'acusado', 'de', 'cometer', 'varios', 'assaltos', 'na', 'cidade', 'de', 'marechal', 'deodoro', 'e', 'foi', 'preso', 'nesta', 'tercafeira', '28'], ['NOUN', 'VERB', 'VERB', 'SCONJ', 'VERB', 'NOUN', 'ADP', 'NOUN', 'ADJ', 'DET', 'NOUN', 'ADP', 'NUM', 'NOUN', 'CCONJ', 'VERB', 'SCONJ', 'VERB', 'ADJ', 'NOUN', 'ADP', 'NOUN', 'ADP', 'NOUN', 'ADJ', 'CCONJ', 'AUX', 'VERB', 'ADP', 'PROPN', 'NUM'], ['prende acusado', 'cometer', 'acusado', 'cometer', 'foi preso'], ['policia', 'prender', 'acusar', 'de', 'cometer', 'assalto', 'em', 'marechal', 'Deodoro', 'o', 'homem', 'de', '22', 'ano', 'e', 'acusar', 'de', 'cometer', 'vario', 'assalto', 'em o', 'cidade', 'de', 'marechal', 'deodoro', 'e', 'ser', 'prender', 'em este', 'tercafeira', '28']], [['proximo', 'a', 'praca', 'da', 'faculdade', 'em', 'maceio', 'br104'], ['NOUN', 'DET', 'NOUN', 'ADP', 'NOUN', 'ADP', 'PROPN', 'PROPN'], [], ['proximo', 'o', 'praca', 'de o', 'faculdade', 'em', 'maceio', 'br104']]]
43;[[['policia', 'civil', 'efetua', 'prisao', 'de', 'homem', 'de', '42', 'anos', 'morador', 'do', 'bairro', 'liberdade', 'em', 'portao', 'foragido', 'por', 'furto', 'qualificado', 'e', 'roubo', 'majorado', 'dpportao'], ['NOUN', 'ADJ', 'VERB', 'NOUN', 'ADP', 'NOUN', 'ADP', 'NUM', 'NOUN', 'ADJ', 'ADP', 'NOUN', 'NOUN', 'ADP', 'NOUN', 'ADJ', 'ADP', 'NOUN', 'ADJ', 'CCONJ', 'NOUN', 'VERB', 'VERB'], ['efetua', 'majorado dpportao'], ['policia', 'civil', 'efetuar', 'prisao', 'de', 'homem', 'de', '42', 'ano', 'morador', 'de o', 'bairro', 'liberdade', 'em', 'portao', 'foragido', 'por', 'furto', 'qualificado', 'e', 'roubo', 'majorar', 'Dpportao']]]
44;[[['maior', 'esquema', 'de', 'roubo', 'de', 'terrenos', 'patrocinado', 'pelo', 'pt', 'na', 'prefeitura', 'o', 'local', 'servia', 'de', 'area', 'verde', 'para', 'o', 'bairro', 'e', 'drenagem', 'de', 'agua', 'das', 'chuvas', 'depois', 'destas', 'casas', 'feitas', 'passou', 'a', 'encher', 'de', 'agua', 'as', 'casas', 'vizinhas', 'com', 'as', 'enxurradas', 'enfia', 'a', 'erundina', 'no', 'seu', 'toba'], ['ADJ', 'NOUN', 'ADP', 'NOUN', 'ADP', 'NOUN', 'VERB', 'ADP', 'PROPN', 'ADP', 'NOUN', 'DET', 'NOUN', 'VERB', 'ADP', 'NOUN', 'ADJ', 'ADP', 'DET', 'NOUN', 'CCONJ', 'NOUN', 'ADP', 'NOUN', 'ADP', 'NOUN', 'ADV', 'ADP', 'NOUN', 'VERB', 'VERB', 'SCONJ', 'VERB', 'ADP', 'NOUN', 'DET', 'NOUN', 'ADJ', 'ADP', 'DET', 'NOUN', 'VERB', 'DET', 'NOUN', 'ADP', 'DET', 'NOUN'], ['patrocinado', 'servia', 'feitas passou', 'encher', 'enfia'], ['grande', 'esquema', 'de', 'roubo', 'de', 'terreno', 'patrocinar', 'por o', 'pt', 'em o', 'prefeitura', 'o', 'local', 'servia', 'de', 'area', 'verde', 'para', 'o', 'bairro', 'e', 'drenagem', 'de', 'agua', 'de o', 'chuva', 'depois', 'de este', 'casa', 'fazer', 'passar', 'a', 'encher', 'de', 'agua', 'o', 'casa', 'vizinho', 'com', 'o', 'enxurrada', 'enfiar', 'o', 'erundina', 'em o', 'seu', 'toba']]]
45;[[['cerca', 'de', '350', 'caminhoneiros', 'participaram', 'nesta', 'segunda', '15', 'de', 'uma', 'carreata', 'na', 'avenida', 'brasil', 'contra', 'o', 'roubo', 'de', 'cargas', 'leia', 'a', 'materia', 'completa'], ['ADV', 'ADP', 'NUM', 'NOUN', 'VERB', 'ADP', 'ADJ', 'NUM', 'ADP', 'DET', 'NOUN', 'ADP', 'PROPN', 'PROPN', 'ADP', 'DET', 'NOUN', 'ADP', 'NOUN', 'VERB', 'DET', 'NOUN', 'ADJ'], ['participaram', 'leia'], ['cerca', 'de', '350', 'caminhoneiro', 'participar', 'em este', 'segundo', '15', 'de', 'um', 'carreata', 'em o', 'avenida', 'brasil', 'contra', 'o', 'roubo', 'de', 'carga', 'leia', 'o', 'materia', 'completo']]]
46;[[['quando', 'da', 'dor', 'da', 'conceicao', 'rua', 'luiz', 'oliveira', '157', 'bairro', 'conceicao', 'a', 'eva', 'foi', 'assediada', 'por', 'uma', 'especie', 'da', 'sua', 'criacao', 'e', 'usando', 'suas', 'palavras', 'a', 'mais', 'astuta', 'de', 'todas', 'alimariase', 'sabido', 'ilustrissimo', 'que', 'esse', 'animal', 'tem', 'o', 'poder', 'de', 'hipnotizar', 'as', 'suas', 'presas', 'para', 'depois', 'dar', 'o', 'bote'], ['ADV', 'ADP', 'NOUN', 'ADP', 'NOUN', 'PROPN', 'PROPN', 'PROPN', 'PROPN', 'NOUN', 'VERB', 'ADP', 'NOUN', 'AUX', 'VERB', 'ADP', 'DET', 'NOUN', 'ADP', 'DET', 'NOUN', 'CCONJ', 'VERB', 'DET', 'NOUN', 'ADP', 'ADV', 'ADJ', 'ADP', 'DET', 'NOUN', 'VERB', 'NOUN', 'PRON', 'DET', 'NOUN', 'VERB', 'DET', 'NOUN', 'SCONJ', 'VERB', 'DET', 'DET', 'NOUN', 'SCONJ', 'ADV', 'VERB', 'DET', 'NOUN'], ['conceicao', 'foi assediada', 'usando', 'sabido', 'tem', 'hipnotizar', 'dar'], ['quando', 'de o', 'dor', 'de o', 'conceicao', 'rua', 'Luiz', 'oliveira', '157', 'bairro', 'Conceicao', 'a', 'eva', 'ser', 'assediar', 'por', 'um', 'especie', 'de o', 'seu', 'criacao', 'e', 'usar', 'seu', 'palavra', 'a', 'mais', 'astuto', 'de', 'todo', 'alimariase', 'saber', 'ilustrissimo', 'que', 'esse', 'animal', 'ter', 'o', 'poder', 'de', 'hipnotizar', 'o', 'seu', 'presa', 'para', 'depois', 'dar', 'o', 'bote']]]
47;[[['reporter', 'da', 'tv', 'globo', 'sofre', 'tentativa', 'de', 'assalto', 'ao', 'vivo', 'situacao', 'aconteceu', 'na', 'avenida', 'paulista', 'em', 'sao', 'paulo', 'durante', 'o', 'programa', 'encontro', 'saopaulo', 'assalto', 'tvglobo', 'encontro', 'patriciapoeta'], ['NOUN', 'ADP', 'PROPN', 'PROPN', 'VERB', 'NOUN', 'ADP', 'NOUN', 'ADP', 'ADJ', 'NOUN', 'VERB', 'ADP', 'NOUN', 'ADJ', 'ADP', 'PROPN', 'PROPN', 'ADP', 'DET', 'NOUN', 'NOUN', 'ADJ', 'NOUN', 'ADJ', 'NOUN', 'ADJ'], ['sofre', 'aconteceu'], ['reporter', 'de o', 'tv', 'globo', 'sofrer', 'tentativa', 'de', 'assalto', 'a o', 'vivo', 'situacao', 'acontecer', 'em o', 'avenida', 'paulista', 'em', 'Sao', 'Paulo', 'durante', 'o', 'programa', 'encontro', 'saopaulo', 'assalto', 'tvglobo', 'encontro', 'patriciapoeta']], [['saiba', 'mais', 'redetvuolcombrtvfamablo'], ['VERB', 'ADV', 'NOUN'], ['saiba'], ['saber', 'mais', 'redetvuolcombrtvfamablo']]]
48;[[['outro', 'dia', 'vi', 'um', 'verme', 'maconhado', 'roubado', 'uma', 'idosa', 'na', 'rua', 'e', 'agredindo', 'a', 'pobre', 'mulher', 'aposto', 'q', 'era', 'petista'], ['DET', 'NOUN', 'VERB', 'DET', 'NOUN', 'VERB', 'VERB', 'DET', 'NOUN', 'ADP', 'NOUN', 'CCONJ', 'VERB', 'DET', 'ADJ', 'NOUN', 'VERB', 'PRON', 'AUX', 'ADJ'], ['vi', 'maconhado roubado', 'agredindo', 'aposto'], ['outro', 'dia', 'ver', 'um', 'verme', 'maconhar', 'roubar', 'um', 'idosa', 'em o', 'rua', 'e', 'agredir', 'o', 'pobre', 'mulher', 'apostar', 'q', 'ser', 'petista']]]
49;[[['eu', 'estava', 'o', 'protegendo', 'de', 'provaveis', 'furtos', 'muitos', 'celulares', 'sao', 'roubados', 'na', 'mesa', 'da', 'praca', 'de', 'alimentacao', 'do', 'minas'], ['PRON', 'AUX', 'PRON', 'VERB', 'ADP', 'ADJ', 'NOUN', 'DET', 'NOUN', 'AUX', 'VERB', 'ADP', 'NOUN', 'ADP', 'NOUN', 'ADP', 'PROPN', 'ADP', 'NOUN'], ['protegendo', 'sao roubados'], ['eu', 'estar', 'o', 'proteger', 'de', 'provavel', 'furto', 'muito', 'celular', 'sao', 'roubar', 'em o', 'mesa', 'de o', 'praca', 'de', 'alimentacao', 'de o', 'mina']]]
50;[[['prejuizo', 'com', 'furto', 'de', 'fiacao', 'na', 'praca', 'das', 'feiras', 'em', 'caxias', 'e', 'estimado', 'em', 'cerca', 'de', 'r', '50', 'mil'], ['NOUN', 'ADP', 'NOUN', 'ADP', 'NOUN', 'ADP', 'NOUN', 'ADP', 'NOUN', 'ADP', 'PROPN', 'CCONJ', 'VERB', 'ADP', 'ADV', 'ADP', 'SYM', 'NUM', 'NUM'], ['estimado'], ['prejuizo', 'com', 'furto', 'de', 'fiacao', 'em o', 'praca', 'de o', 'feira', 'em', 'caxia', 'e', 'estimar', 'em', 'cerca', 'de', 'r', '50', 'mil']]]
